task_id,split,instruction_type,answer_position,parse_ok,parse_detail,n_cells,h,n_formula,recalc_ok,recalc_detail,W_a_pass,W_a_reason,W_pass,sub_gvg,sub_recalc_vs_raw,sub_recalc_vs_raw_reason,load_error
130-9,excluded,Sheet-Level Manipulation,"'b2b, sez, de'!A5:V10",False,ValueError: b2b is not a valid coordinate or range,0,0,0,True,ok,False,answer_position_parse_error,False,answer_position_parse_error,FAIL,answer_position_parse_error,ValueError: b2b is not a valid coordinate or range
283-32,excluded,Sheet-Level Manipulation,"Sheet3'!A:G,'Sheet4'!A:G",False,TypeError: unsupported operand type(s) for -: 'NoneType' and 'NoneType',0,16,0,True,ok,False,answer_position_parse_error,False,answer_position_parse_error,FAIL,answer_position_parse_error,
60-7,excluded,Sheet-Level Manipulation,"Consolidated Tracker,Existing Task,Additions,Retired!A3:E11",False,ValueError: Consolidated Tracker is not a valid coordinate or range,0,0,0,True,ok,False,answer_position_parse_error,False,answer_position_parse_error,FAIL,answer_position_parse_error,ValueError: Consolidated Tracker is not a valid coordinate or range
73-45,excluded,Sheet-Level Manipulation,'Sheet1'!BD2:308,False,ValueError: BD2:308 is not a valid coordinate or range,0,0,0,True,ok,True,pass,False,answer_position_parse_error,FAIL,answer_position_parse_error,ValueError: BD2:308 is not a valid coordinate or range
10747,pool,Cell-Level Manipulation,K6,True,,1,0,1,True,ok,True,pass,True,pass,PASS,pass,
120-24,pool,Sheet-Level Manipulation,'Sheet1'!BN2:BN45,True,,44,33,0,True,ok,True,pass,True,pass,PASS,pass,
147-48,pool,Sheet-Level Manipulation,'Sheet1'!C1:K6,True,,54,36,0,True,ok,True,pass,True,pass,PASS,pass,
15387,pool,Cell-Level Manipulation,A13:A14,True,,2,0,0,True,ok,True,pass,True,pass,PASS,pass,
177-6,pool,Sheet-Level Manipulation,'combined'!A1:R8,True,,144,13,0,True,ok,True,pass,True,pass,PASS,pass,
183-8,pool,Sheet-Level Manipulation,'Sheet1'!I3:L7,True,,20,0,5,True,ok,True,pass,True,pass,PASS,pass,
18645,pool,Cell-Level Manipulation,'Opportunities'!G2:G3,True,,2,0,2,True,ok,True,pass,True,pass,PASS,pass,
188-39,pool,Sheet-Level Manipulation,'result'!B2:D12,True,,33,0,0,True,ok,True,pass,True,pass,PASS,pass,
18935,pool,Cell-Level Manipulation,D17:D22,True,,6,0,0,True,ok,True,pass,True,pass,PASS,pass,
191-40,pool,Sheet-Level Manipulation,'Sheet1'!A1:H85,True,,680,64,154,True,ok,True,pass,True,pass,PASS,pass,
209-30,pool,Sheet-Level Manipulation,'Data to Import'!C1:C6066,True,,6066,0,0,True,ok,True,pass,True,pass,PASS,pass,
22-47,pool,Sheet-Level Manipulation,sheet1!F2:H10,True,,27,0,0,True,ok,False,sheet_missing,False,pass,FAIL,sheet_missing,
290-27,pool,Sheet-Level Manipulation,Sheet1!A14:I137,True,,1116,656,0,True,ok,True,pass,True,pass,PASS,pass,
31915,pool,Cell-Level Manipulation,'Sheet2'!C2:C11,True,,10,6,10,True,ok,True,pass,True,pass,PASS,pass,
32337,pool,Cell-Level Manipulation,E3:E15,True,,13,0,13,True,ok,True,pass,True,pass,PASS,pass,
32902,pool,Cell-Level Manipulation,C6:E9,True,,12,0,12,True,ok,True,pass,True,pass,PASS,pass,
359-21,pool,Sheet-Level Manipulation,'Delete'!A1:B9,True,,18,0,0,True,ok,True,pass,True,pass,PASS,pass,
36097,pool,Cell-Level Manipulation,H3:H6,True,,4,0,4,True,ok,True,pass,True,pass,PASS,pass,
374-31,pool,Sheet-Level Manipulation,'Sheet1'!A1:D5,True,,20,3,0,True,ok,True,pass,True,pass,PASS,pass,
37900,pool,Cell-Level Manipulation,E5,True,,1,0,1,True,ok,True,pass,True,pass,PASS,pass,
388-47,pool,Sheet-Level Manipulation,'Sheet1'!A2:E8,True,,35,0,0,True,ok,True,pass,True,pass,PASS,pass,
38823,pool,Cell-Level Manipulation,I4:I7,True,,4,0,1,True,ok,True,pass,True,pass,PASS,pass,
398-14,pool,Sheet-Level Manipulation,'COLLECTION'!A2:G9,True,,56,0,0,True,ok,True,pass,True,pass,PASS,pass,
40478,pool,Cell-Level Manipulation,B1:B3,True,,3,0,3,True,ok,True,pass,True,pass,PASS,pass,
40757,pool,Cell-Level Manipulation,B10:B11,True,,2,0,0,True,ok,True,pass,True,pass,PASS,pass,
408-39,pool,Sheet-Level Manipulation,'Sheet1'!B6:B10,True,,5,3,0,True,ok,True,pass,True,pass,PASS,pass,
408-5,pool,Sheet-Level Manipulation,Sheet1!A1:E137,True,,685,5,1,True,ok,True,pass,True,pass,PASS,pass,
41589,pool,Cell-Level Manipulation,'Contact List'!J4,True,,1,0,1,True,ok,True,pass,True,pass,PASS,pass,
41601,pool,Cell-Level Manipulation,'Students'!E2:E7,True,,6,0,0,True,ok,True,pass,True,pass,PASS,pass,
423-16,pool,Sheet-Level Manipulation,'master'!A1:AH1,True,,34,5,0,True,ok,True,pass,True,pass,PASS,pass,
42930,pool,Cell-Level Manipulation,C2:C22,True,,21,0,21,True,ok,True,pass,True,pass,PASS,pass,
433-47,pool,Sheet-Level Manipulation,Sheet1!A1:I21,True,,189,69,0,True,ok,True,pass,True,pass,PASS,pass,
43657,pool,Cell-Level Manipulation,K2:K8,True,,7,0,0,True,ok,True,pass,True,pass,PASS,pass,
44628,pool,Cell-Level Manipulation,D3:G3,True,,4,0,4,True,ok,True,pass,True,pass,PASS,pass,
455-35,pool,Sheet-Level Manipulation,Worksheet1!A1:J10411,True,,104110,0,0,True,ok,True,pass,True,pass,PASS,pass,
45738,pool,Cell-Level Manipulation,E6:AB25,True,,480,0,480,True,ok,True,pass,True,pass,PASS,pass,
45896,pool,Cell-Level Manipulation,'Volym P5_P6_2023'!I2:I10,True,,9,0,0,True,ok,True,pass,True,pass,PASS,pass,
46167,pool,Cell-Level Manipulation,D2,True,,1,0,1,True,ok,True,pass,True,pass,PASS,pass,
47827,pool,Cell-Level Manipulation,'3 straights to 3 boxed'!G2:G16,True,,15,0,0,True,ok,True,pass,True,pass,PASS,pass,
48257,pool,Cell-Level Manipulation,C2:C5,True,,4,0,0,True,ok,True,pass,True,pass,FAIL,value_mismatch,
48527,pool,Cell-Level Manipulation,D2:D5,True,,4,0,0,True,ok,True,pass,True,pass,PASS,pass,
48608,pool,Cell-Level Manipulation,F2:F5,True,,4,0,0,True,ok,True,pass,True,pass,PASS,pass,
48983,pool,Cell-Level Manipulation,M6:S11,True,,42,0,42,True,ok,True,pass,True,pass,PASS,pass,
49196,pool,Cell-Level Manipulation,C2:C47,True,,46,0,46,True,ok,True,pass,True,pass,PASS,pass,
493-5,pool,Sheet-Level Manipulation,'Imported Data'!A1:F10,True,,60,12,7,True,ok,True,pass,True,pass,PASS,pass,
50088,pool,Cell-Level Manipulation,F6:F8,True,,3,0,3,True,ok,True,pass,True,pass,PASS,pass,
50521,pool,Cell-Level Manipulation,N4:N6,True,,3,0,0,True,ok,True,pass,True,pass,PASS,pass,
50631,pool,Cell-Level Manipulation,H7:H38,True,,32,0,32,True,ok,True,pass,True,pass,PASS,pass,
51354,pool,Cell-Level Manipulation,E2:E6,True,,5,0,5,True,ok,True,pass,True,pass,PASS,pass,
51359,pool,Cell-Level Manipulation,B15:E15,True,,4,0,0,True,ok,True,pass,True,pass,PASS,pass,
52050,pool,Cell-Level Manipulation,BE3:BE14,True,,12,0,12,True,ok,True,pass,True,pass,PASS,pass,
52216,pool,Cell-Level Manipulation,'INPUTS'!C15:G16,True,,10,0,0,True,ok,True,pass,True,pass,PASS,pass,
52541,pool,Cell-Level Manipulation,J6:J10,True,,5,0,5,True,ok,True,pass,True,pass,PASS,pass,
52807,pool,Cell-Level Manipulation,'Summary'!E6:P9,True,,48,0,48,True,ok,True,pass,True,pass,PASS,pass,
52917,pool,Cell-Level Manipulation,J2:J9,True,,8,0,8,True,ok,True,pass,True,pass,PASS,pass,
531-18,pool,Sheet-Level Manipulation,'Transpose'!A3:C970,True,,2904,0,0,True,ok,True,pass,True,pass,PASS,pass,
53161,pool,Cell-Level Manipulation,F22:AE29,True,,208,0,207,True,ok,True,pass,True,pass,PASS,pass,
54144,pool,Cell-Level Manipulation,'Report'!D3:D10,True,,8,0,0,True,ok,True,pass,True,pass,FAIL,value_mismatch,
54242,pool,Cell-Level Manipulation,E6:E13,True,,8,0,8,True,ok,True,pass,True,pass,PASS,pass,
54717,pool,Cell-Level Manipulation,S10,True,,1,0,1,True,ok,True,pass,True,pass,PASS,pass,
54925,pool,Cell-Level Manipulation,Q2:Q40,True,,39,28,0,True,ok,True,pass,True,pass,PASS,pass,
55060,pool,Cell-Level Manipulation,J23:N23,True,,5,4,1,True,ok,True,pass,True,pass,PASS,pass,
55976,pool,Cell-Level Manipulation,F25:I25,True,,4,0,0,True,ok,True,pass,True,pass,PASS,pass,
560-12,pool,Sheet-Level Manipulation,'工作表1'!I2:J7,True,,12,4,0,True,ok,True,pass,True,pass,PASS,pass,
56378,pool,Cell-Level Manipulation,L5:R8,True,,28,0,0,True,ok,True,pass,True,pass,PASS,pass,
57590,pool,Cell-Level Manipulation,B26,True,,1,0,0,True,ok,True,pass,True,pass,PASS,pass,
58499,pool,Cell-Level Manipulation,A13:A14,True,,2,0,0,True,ok,True,pass,True,pass,PASS,pass,
58687,pool,Cell-Level Manipulation,B9:B100,True,,92,0,0,True,ok,True,pass,True,pass,PASS,pass,
59196,pool,Cell-Level Manipulation,H3:H5,True,,3,0,3,True,ok,True,pass,True,pass,PASS,pass,
59639,pool,Cell-Level Manipulation,D5:K7,True,,24,8,24,True,ok,True,pass,True,pass,PASS,pass,
59734,pool,Cell-Level Manipulation,B2:B16,True,,15,0,1,True,ok,True,pass,True,pass,FAIL,value_mismatch,
59884,pool,Cell-Level Manipulation,I2:O5,True,,28,16,0,True,ok,True,pass,True,pass,FAIL,value_mismatch,
7665,pool,Cell-Level Manipulation,Q2:V2,True,,6,0,6,True,ok,True,pass,True,pass,PASS,pass,
82-30,pool,Sheet-Level Manipulation,'Numbers'!A1:F9,True,,54,2,0,True,ok,True,pass,True,pass,PASS,pass,
82-38,pool,Sheet-Level Manipulation,'DATA'!D2:D20,True,,19,0,0,True,ok,True,pass,True,pass,PASS,pass,
9448,pool,Cell-Level Manipulation,'Data'!U9:U18,True,,10,0,10,True,ok,True,pass,True,pass,PASS,pass,
10452,test,Cell-Level Manipulation,E4:E12,True,,9,0,0,True,ok,True,pass,True,pass,PASS,pass,
105-24,test,Sheet-Level Manipulation,'Open'!C2:C23,True,,22,0,0,True,ok,True,pass,True,pass,PASS,pass,
108-24,test,Sheet-Level Manipulation,'Tema UV COS'!A1:D22,True,,88,0,0,True,ok,True,pass,True,pass,PASS,pass,
109-21,test,Sheet-Level Manipulation,'Sheet1'!Z5:Z43,True,,39,20,0,True,ok,True,pass,True,pass,PASS,pass,
11276,test,Cell-Level Manipulation,F3:AJ3,True,,31,0,31,True,ok,True,pass,True,pass,PASS,pass,
118-50,test,Sheet-Level Manipulation,'Sheet1'!C2:D5000,True,,9998,9976,0,True,ok,True,pass,True,pass,PASS,pass,
11842,test,Cell-Level Manipulation,'Total'!O5:Z12,True,,96,0,0,True,ok,True,pass,True,pass,PASS,pass,
12307,test,Cell-Level Manipulation,I12:I13,True,,2,0,0,True,ok,True,pass,True,pass,PASS,pass,
13-1,test,Sheet-Level Manipulation,LISTS!A3:D32,True,,120,28,0,True,ok,True,pass,True,pass,PASS,pass,
13284,test,Cell-Level Manipulation,'Base'!E2:E26,True,,25,10,0,True,ok,True,pass,True,pass,PASS,pass,
141-20,test,Sheet-Level Manipulation,"'PL Recon Items!'A1:D2,'Statement Recon Items!'A1:J3",True,,38,4,0,True,ok,True,pass,True,pass,PASS,pass,
142-12,test,Sheet-Level Manipulation,'Sheet1'!F1:J15,True,,75,30,0,True,ok,True,pass,True,pass,PASS,pass,
142-19,test,Sheet-Level Manipulation,'Sheet1'!A1:B82,True,,164,12,0,True,ok,True,pass,True,pass,PASS,pass,
14240,test,Cell-Level Manipulation,U4:U75,True,,72,0,0,True,ok,True,pass,True,pass,PASS,pass,
15380,test,Cell-Level Manipulation,B3:B14,True,,12,0,12,True,ok,True,pass,True,pass,PASS,pass,
156-14,test,Sheet-Level Manipulation,"'99250!A1:F9','99251!A1:F9','99252!A1:F8'",True,,156,90,0,True,ok,True,pass,True,pass,PASS,pass,
1563,test,Cell-Level Manipulation,B2:B30,True,,29,0,29,True,ok,True,pass,True,pass,PASS,pass,
15671,test,Cell-Level Manipulation,B1:B260,True,,260,0,260,True,ok,True,pass,True,pass,PASS,pass,
157-4,test,Sheet-Level Manipulation,'Sheet1'!E9:M83,True,,675,273,0,True,ok,True,pass,True,pass,PASS,pass,
160-6,test,Sheet-Level Manipulation,'SH'!A6:L11,True,,72,6,0,True,ok,True,pass,True,pass,PASS,pass,
16511,test,Cell-Level Manipulation,F2:F10,True,,9,0,9,True,ok,True,pass,True,pass,PASS,pass,
168-17,test,Sheet-Level Manipulation,'Statement'!A2:E12,True,,55,0,0,True,ok,True,pass,True,pass,PASS,pass,
17-35,test,Sheet-Level Manipulation,FILTER 5b!I6:M295,True,,1450,5,0,True,ok,True,pass,True,pass,PASS,pass,
170-13,test,Sheet-Level Manipulation,"'Sheet1!'A1:A50,'Sheet2!'A1:E20,'Sheet3!'A1:A50'",True,,200,19,0,True,ok,True,pass,True,pass,PASS,pass,
17111,test,Cell-Level Manipulation,'Summary'!B2:C6,True,,10,0,0,True,ok,True,pass,True,pass,PASS,pass,
178-22,test,Sheet-Level Manipulation,'Sheet2'!A1:C18,True,,54,3,0,True,ok,True,pass,True,pass,PASS,pass,
1818,test,Cell-Level Manipulation,'Summary'!B3:C68,True,,132,100,0,True,ok,True,pass,True,pass,PASS,pass,
192-22,test,Sheet-Level Manipulation,'Sheet1'!F2:F71,True,,70,52,0,True,ok,True,pass,True,pass,PASS,pass,
1925,test,Cell-Level Manipulation,'Sheet1'!C6:C31,True,,26,0,26,True,ok,True,pass,True,pass,PASS,pass,
203-15,test,Sheet-Level Manipulation,'Output Required'!A1:M3,True,,39,0,2,True,ok,True,pass,True,pass,PASS,pass,
208-20,test,Sheet-Level Manipulation,'Q'!A1:F37,True,,222,63,35,True,ok,True,pass,True,pass,PASS,pass,
227-40,test,Sheet-Level Manipulation,'Sheet1'!A14:E17,True,,20,3,0,True,ok,True,pass,True,pass,PASS,pass,
23-24,test,Sheet-Level Manipulation,Sheet1!A1:E1102,True,,5510,4426,0,True,ok,True,pass,True,pass,PASS,pass,
230-16,test,Sheet-Level Manipulation,'Before'!A1:A12,True,,12,3,0,True,ok,True,pass,True,pass,PASS,pass,
236-22,test,Sheet-Level Manipulation,'Sheet1'!A1:E7,True,,35,17,0,True,ok,True,pass,True,pass,PASS,pass,
24-23,test,Sheet-Level Manipulation,Sheet1!A2:D207,True,,824,184,0,True,ok,True,pass,True,pass,PASS,pass,
247-24,test,Sheet-Level Manipulation,'Main!'A2:M70,True,,897,260,215,True,ok,True,pass,True,pass,PASS,pass,
250-20,test,Sheet-Level Manipulation,'RNM'!A1:J20,True,,200,20,0,True,ok,True,pass,True,pass,PASS,pass,
254-34,test,Sheet-Level Manipulation,'Before'!C2,True,,1,0,0,True,ok,True,pass,True,pass,PASS,pass,
263-1,test,Sheet-Level Manipulation,Sheet1!H2:H4,True,,3,0,3,True,ok,True,pass,True,pass,PASS,pass,
267-18,test,Sheet-Level Manipulation,Folha1!G1:G2,True,,2,0,2,True,ok,True,pass,True,pass,PASS,pass,
267-21,test,Sheet-Level Manipulation,merging'!C2:D11,True,,20,0,0,True,ok,True,pass,True,pass,PASS,pass,
269-44,test,Sheet-Level Manipulation,Sheet1!A1:A15,True,,15,1,0,True,ok,True,pass,True,pass,PASS,pass,
2768,test,Cell-Level Manipulation,'Sheet1'!H2:H18,True,,17,0,1,True,ok,True,pass,True,pass,PASS,pass,
279-23,test,Sheet-Level Manipulation,Sheet1!A3:B26,True,,48,8,0,True,ok,True,pass,True,pass,PASS,pass,
28-7,test,Sheet-Level Manipulation,Sheet1!A1:C26,True,,78,21,0,True,ok,True,pass,True,pass,PASS,pass,
280-17,test,Sheet-Level Manipulation,Sheet1!A1:B12,True,,24,0,0,True,ok,True,pass,True,pass,PASS,pass,
290-1,test,Sheet-Level Manipulation,Sheet1!K2:U10,True,,99,55,0,True,ok,True,pass,True,pass,PASS,pass,
297-42,test,Sheet-Level Manipulation,combined'!A2:O822,True,,12315,0,0,True,ok,True,pass,True,pass,PASS,pass,
3002,test,Cell-Level Manipulation,G5:G15,True,,11,0,11,True,ok,True,pass,True,pass,PASS,pass,
302-1,test,Sheet-Level Manipulation,"'SHEET1'!B2:B8,'SHEET2'!B2:B7",True,,13,0,0,True,ok,True,pass,True,pass,PASS,pass,
30930,test,Cell-Level Manipulation,C2:C66,True,,65,54,65,True,ok,True,pass,True,pass,PASS,pass,
31202,test,Cell-Level Manipulation,J2:J47,True,,46,0,46,True,ok,True,pass,True,pass,PASS,pass,
31628,test,Cell-Level Manipulation,B1,True,,1,0,0,True,ok,True,pass,True,pass,PASS,pass,
31746,test,Cell-Level Manipulation,Q3:Q38,True,,36,0,0,True,ok,True,pass,True,pass,PASS,pass,
32023,test,Cell-Level Manipulation,B2:B17,True,,16,2,14,True,ok,True,pass,True,pass,PASS,pass,
32093,test,Cell-Level Manipulation,F2:F15,True,,14,0,14,True,ok,True,pass,True,pass,PASS,pass,
32255,test,Cell-Level Manipulation,D2:D13,True,,12,4,12,True,ok,True,pass,True,pass,PASS,pass,
32293,test,Cell-Level Manipulation,B14:B17,True,,4,0,4,True,ok,True,pass,True,pass,PASS,pass,
32438,test,Cell-Level Manipulation,J2:J4,True,,3,0,3,True,ok,True,pass,True,pass,PASS,pass,
325-44,test,Sheet-Level Manipulation,'Output'!A1:G10,True,,70,0,0,True,ok,True,pass,True,pass,PASS,pass,
32562,test,Cell-Level Manipulation,B2:B21,True,,20,0,20,True,ok,True,pass,True,pass,PASS,pass,
32612,test,Cell-Level Manipulation,E2:E75,True,,74,0,74,True,ok,True,pass,True,pass,PASS,pass,
32789,test,Cell-Level Manipulation,C4:D14,True,,22,14,14,True,ok,True,pass,True,pass,PASS,pass,
33157,test,Cell-Level Manipulation,'Sheet1'!K2:K6,True,,5,0,4,True,ok,True,pass,True,pass,PASS,pass,
333-29,test,Sheet-Level Manipulation,B'!F4,True,,1,0,0,True,ok,True,pass,True,pass,PASS,pass,
334-11,test,Sheet-Level Manipulation,'imported Data'!C1:C7,True,,7,0,0,True,ok,True,pass,True,pass,PASS,pass,
33722,test,Cell-Level Manipulation,E2:E6,True,,5,0,0,True,ok,True,pass,True,pass,PASS,pass,
34033,test,Cell-Level Manipulation,K6:K10,True,,5,0,0,True,ok,True,pass,True,pass,PASS,pass,
341-14,test,Sheet-Level Manipulation,'result'!A1:B28,True,,56,1,0,True,ok,True,pass,True,pass,PASS,pass,
3413,test,Cell-Level Manipulation,G3:G6,True,,4,0,1,True,ok,True,pass,True,pass,PASS,pass,
343-20,test,Sheet-Level Manipulation,'Duplicates'!A1:E5,True,,25,0,0,True,ok,True,pass,True,pass,PASS,pass,
353-29,test,Sheet-Level Manipulation,'Sheet1'!A1:B90,True,,180,0,0,True,ok,True,pass,True,pass,PASS,pass,
353-6,test,Sheet-Level Manipulation,'Data'!A1:AH20,True,,680,71,0,True,ok,True,pass,True,pass,PASS,pass,
35747,test,Cell-Level Manipulation,M2,True,,1,0,0,True,ok,True,pass,True,pass,PASS,pass,
36191,test,Cell-Level Manipulation,C2:C3,True,,2,0,2,True,ok,True,pass,True,pass,PASS,pass,
36277,test,Cell-Level Manipulation,I2:I5,True,,4,0,4,True,ok,True,pass,True,pass,PASS,pass,
367-23,test,Sheet-Level Manipulation,'final Recon Items'!A1:D5,True,,20,0,0,True,ok,True,pass,True,pass,PASS,pass,
36764,test,Cell-Level Manipulation,'Sheet1'!C2,True,,1,0,1,True,ok,True,pass,True,pass,PASS,pass,
37086,test,Cell-Level Manipulation,D2:D5,True,,4,0,4,True,ok,True,pass,True,pass,PASS,pass,
37229,test,Cell-Level Manipulation,C3:G14,True,,60,41,60,True,ok,True,pass,True,pass,PASS,pass,
37378,test,Cell-Level Manipulation,A2:A6,True,,5,2,0,True,ok,True,pass,True,pass,PASS,pass,
374-18,test,Sheet-Level Manipulation,'Sheet1'!A2:G6,True,,35,6,0,True,ok,True,pass,True,pass,PASS,pass,
37456,test,Cell-Level Manipulation,G12:J15,True,,16,0,15,True,ok,True,pass,True,pass,PASS,pass,
37462,test,Cell-Level Manipulation,F4:F244,True,,241,0,0,True,ok,True,pass,True,pass,PASS,pass,
37554,test,Cell-Level Manipulation,F2:F17,True,,16,0,1,True,ok,True,pass,True,pass,PASS,pass,
379-36,test,Sheet-Level Manipulation,'Sheet1'!E2:E17,True,,16,0,0,True,ok,True,pass,True,pass,PASS,pass,
382-10,test,Sheet-Level Manipulation,'Sheet1'!A1:A19,True,,19,14,0,True,ok,True,pass,True,pass,PASS,pass,
382-29,test,Sheet-Level Manipulation,'Totals'!B2:B26,True,,25,0,0,True,ok,True,pass,True,pass,PASS,pass,
384-4,test,Sheet-Level Manipulation,Result'!A2:A8,True,,7,0,0,True,ok,True,pass,True,pass,PASS,pass,
38462,test,Cell-Level Manipulation,C1:C2,True,,2,0,2,True,ok,True,pass,True,pass,PASS,pass,
38537,test,Cell-Level Manipulation,A3:A36,True,,34,15,34,True,ok,True,pass,True,pass,PASS,pass,
387-16,test,Sheet-Level Manipulation,'Sheet1'!A2:D18,True,,68,42,0,True,ok,True,pass,True,pass,PASS,pass,
38703,test,Cell-Level Manipulation,H2:H24,True,,23,20,0,True,ok,True,pass,True,pass,PASS,pass,
38969,test,Cell-Level Manipulation,R2:R20,True,,19,0,19,True,ok,True,pass,True,pass,PASS,pass,
38985,test,Cell-Level Manipulation,D8:D11,True,,4,0,0,True,ok,True,pass,True,pass,PASS,pass,
39046,test,Cell-Level Manipulation,F2:F6,True,,5,0,5,True,ok,True,pass,True,pass,PASS,pass,
3911,test,Cell-Level Manipulation,H2:P8,True,,63,0,63,True,ok,True,pass,True,pass,PASS,pass,
39190,test,Cell-Level Manipulation,C2:C36,True,,35,22,35,True,ok,True,pass,True,pass,PASS,pass,
39432,test,Cell-Level Manipulation,M2:M5,True,,4,0,0,True,ok,True,pass,True,pass,PASS,pass,
395-36,test,Sheet-Level Manipulation,'MyResult'!A1:O20,True,,300,201,0,True,ok,True,pass,True,pass,PASS,pass,
39667,test,Cell-Level Manipulation,A20:A26,True,,7,5,7,True,ok,True,pass,True,pass,PASS,pass,
399-14,test,Sheet-Level Manipulation,'Sheet1'!N7:O23,True,,34,11,0,True,ok,True,pass,True,pass,PASS,pass,
39903,test,Cell-Level Manipulation,C2:C6,True,,5,0,0,True,ok,True,pass,True,pass,FAIL,value_mismatch,
39931,test,Cell-Level Manipulation,C4:F6,True,,12,0,0,True,ok,True,pass,True,pass,PASS,pass,
40892,test,Cell-Level Manipulation,B2:B17,True,,16,6,0,True,ok,True,pass,True,pass,PASS,pass,
409-45,test,Sheet-Level Manipulation,'DATA'!A1:E19,True,,95,10,0,True,ok,True,pass,True,pass,PASS,pass,
41-47,test,Sheet-Level Manipulation,"OUT CAS'!A2:C1529,'OUT CAS'!E2:G586,'OUT CAS'!I2:K13,'OUT CAS'!L2:O8",True,,6403,17,0,True,ok,True,pass,True,pass,PASS,pass,
41265,test,Cell-Level Manipulation,E2:E5,True,,4,0,0,True,ok,True,pass,True,pass,PASS,pass,
41348,test,Cell-Level Manipulation,Q2:Q11,True,,10,0,10,True,ok,True,pass,True,pass,PASS,pass,
414-20,test,Sheet-Level Manipulation,'Sheet1'!A4:A18,True,,15,0,0,True,ok,True,pass,True,pass,PASS,pass,
41410,test,Cell-Level Manipulation,F4:H6,True,,9,0,0,True,ok,True,pass,True,pass,PASS,pass,
41420,test,Cell-Level Manipulation,C2:G8,True,,35,13,0,True,ok,True,pass,True,pass,PASS,pass,
416-15,test,Sheet-Level Manipulation,'Sheet1'!A2:A19,True,,18,0,0,True,ok,True,pass,True,pass,PASS,pass,
416-27,test,Sheet-Level Manipulation,'Sheet1'!A3:A24,True,,22,3,0,True,ok,True,pass,True,pass,PASS,pass,
41691,test,Cell-Level Manipulation,B7,True,,1,0,1,True,ok,True,pass,True,pass,PASS,pass,
41969,test,Cell-Level Manipulation,A6:C6,True,,3,0,3,True,ok,True,pass,True,pass,PASS,pass,
41978,test,Cell-Level Manipulation,I2:I11,True,,10,0,10,True,ok,True,pass,True,pass,PASS,pass,
42181,test,Cell-Level Manipulation,B13,True,,1,0,1,True,ok,True,pass,True,pass,PASS,pass,
42198,test,Cell-Level Manipulation,C2:C7,True,,6,0,6,True,ok,True,pass,True,pass,PASS,pass,
42216,test,Cell-Level Manipulation,B20:B339,True,,320,0,0,True,ok,True,pass,True,pass,PASS,pass,
42354,test,Cell-Level Manipulation,D2:D8,True,,7,1,0,True,ok,True,pass,True,pass,FAIL,value_mismatch,
42515,test,Cell-Level Manipulation,F5:F19,True,,15,0,0,True,ok,True,pass,True,pass,PASS,pass,
42526,test,Cell-Level Manipulation,B2:B16,True,,15,0,0,True,ok,True,pass,True,pass,PASS,pass,
42902,test,Cell-Level Manipulation,D1:F7,True,,21,0,0,True,ok,True,pass,True,pass,PASS,pass,
43213,test,Cell-Level Manipulation,B12:B15,True,,4,0,4,True,ok,True,pass,True,pass,PASS,pass,
43436,test,Cell-Level Manipulation,I2:K6,True,,15,0,15,True,ok,True,pass,True,pass,PASS,pass,
43589,test,Cell-Level Manipulation,B2,True,,1,0,1,True,ok,True,pass,True,pass,PASS,pass,
438-18,test,Sheet-Level Manipulation,'OUPUT'!A1:D6,True,,24,0,0,True,ok,True,pass,True,pass,PASS,pass,
440-24,test,Sheet-Level Manipulation,'Sheet1'!B3:B22,True,,20,0,0,True,ok,True,pass,True,pass,PASS,pass,
44296,test,Cell-Level Manipulation,'Sheet2'!D3:D104,True,,102,0,0,True,ok,True,pass,True,pass,PASS,pass,
448-11,test,Sheet-Level Manipulation,'Sheet1'!A2:J16,True,,150,10,0,True,ok,True,pass,True,pass,PASS,pass,
44913,test,Cell-Level Manipulation,D2:D13,True,,12,9,0,True,ok,True,pass,True,pass,PASS,pass,
45063,test,Cell-Level Manipulation,Sheet1!B2:B6,True,,5,3,5,True,ok,True,pass,True,pass,PASS,pass,
45372,test,Cell-Level Manipulation,E2:E15,True,,14,1,13,True,ok,True,pass,True,pass,PASS,pass,
45635,test,Cell-Level Manipulation,B5:E7,True,,12,0,12,True,ok,True,pass,True,pass,PASS,pass,
45707,test,Cell-Level Manipulation,D2:D69,True,,68,66,0,True,ok,True,pass,True,pass,PASS,pass,
45937,test,Cell-Level Manipulation,E7:E9,True,,3,0,3,True,ok,True,pass,True,pass,PASS,pass,
45944,test,Cell-Level Manipulation,"G4:G6, G11:G13, G20:G22",True,,9,0,0,True,ok,True,pass,True,pass,PASS,pass,
46121,test,Cell-Level Manipulation,'2022'!B5:M8,True,,48,0,48,True,ok,True,pass,True,pass,PASS,pass,
46240,test,Cell-Level Manipulation,J2:J4,True,,3,0,3,True,ok,True,pass,True,pass,PASS,pass,
463-17,test,Sheet-Level Manipulation,'Sheet1'!D2:D46,True,,45,0,0,True,ok,True,pass,True,pass,PASS,pass,
46646,test,Cell-Level Manipulation,B11:M11,True,,12,0,12,True,ok,True,pass,True,pass,FAIL,value_mismatch,
46897,test,Cell-Level Manipulation,I3,True,,1,0,1,True,ok,True,pass,True,pass,PASS,pass,
469-9,test,Sheet-Level Manipulation,Sheet1!H1:I10,True,,20,9,0,True,ok,True,pass,True,pass,PASS,pass,
4714,test,Cell-Level Manipulation,E2:E25,True,,24,0,24,True,ok,True,pass,True,pass,PASS,pass,
472-15,test,Sheet-Level Manipulation,Sheet1!B2,True,,1,0,0,True,ok,True,pass,True,pass,PASS,pass,
477-45,test,Sheet-Level Manipulation,merge!G1:I1000,True,,3000,2988,0,True,ok,True,pass,True,pass,PASS,pass,
47766,test,Cell-Level Manipulation,K40,True,,1,0,0,True,ok,True,pass,True,pass,PASS,pass,
47798,test,Cell-Level Manipulation,B2:B7,True,,6,0,6,True,ok,True,pass,True,pass,PASS,pass,
47842,test,Cell-Level Manipulation,F2:F16,True,,15,0,15,True,ok,True,pass,True,pass,PASS,pass,
47933,test,Cell-Level Manipulation,'master'!E2:E154,True,,153,0,153,True,ok,True,pass,True,pass,PASS,pass,
48080,test,Cell-Level Manipulation,C2:C6,True,,5,0,1,True,ok,True,pass,True,pass,PASS,pass,
48365,test,Cell-Level Manipulation,'Dashboard'!C4,True,,1,0,0,True,ok,True,pass,True,pass,PASS,pass,
48588,test,Cell-Level Manipulation,B2:B43,True,,42,0,0,True,ok,True,pass,True,pass,PASS,pass,
48620,test,Cell-Level Manipulation,E2:E7,True,,6,0,0,True,ok,True,pass,True,pass,PASS,pass,
48643,test,Cell-Level Manipulation,H2:H40,True,,39,0,39,True,ok,True,pass,True,pass,PASS,pass,
488-14,test,Sheet-Level Manipulation,'Sheet1'!'A2:A85,True,,84,0,0,True,ok,True,pass,True,pass,PASS,pass,
48921,test,Cell-Level Manipulation,A2:A4452,True,,4451,0,4451,True,ok,True,pass,True,pass,PASS,pass,
48924,test,Cell-Level Manipulation,C2:C13,True,,12,0,0,True,ok,True,pass,True,pass,PASS,pass,
48969,test,Cell-Level Manipulation,J3:N5,True,,15,0,15,True,ok,True,pass,True,pass,PASS,pass,
48975,test,Cell-Level Manipulation,Output'!B11:B17,True,,7,0,0,True,ok,True,pass,True,pass,PASS,pass,
49237,test,Cell-Level Manipulation,F7,True,,1,0,1,True,ok,True,pass,True,pass,PASS,pass,
493-18,test,Sheet-Level Manipulation,Sheet1!A1:F7,True,,42,13,0,True,ok,True,pass,True,pass,PASS,pass,
49300,test,Cell-Level Manipulation,'Sheet1'!C2:C3,True,,2,0,2,True,ok,True,pass,True,pass,PASS,pass,
49333,test,Cell-Level Manipulation,Sheet1'!G2:I7,True,,18,0,0,True,ok,True,pass,True,pass,PASS,pass,
496-15,test,Sheet-Level Manipulation,'Sheet1'!D2:D21,True,,20,12,0,True,ok,True,pass,True,pass,PASS,pass,
496-34,test,Sheet-Level Manipulation,'Sheet1'!A2:D8,True,,28,4,0,True,ok,True,pass,True,pass,PASS,pass,
49667,test,Cell-Level Manipulation,B2:E16,True,,60,42,0,True,ok,True,pass,True,pass,FAIL,value_mismatch,
49801,test,Cell-Level Manipulation,C1,True,,1,0,1,True,ok,True,pass,True,pass,PASS,pass,
49857,test,Cell-Level Manipulation,G4:G10,True,,7,0,7,True,ok,True,pass,True,pass,PASS,pass,
49945,test,Cell-Level Manipulation,G4:G6,True,,3,0,3,True,ok,True,pass,True,pass,PASS,pass,
50051,test,Cell-Level Manipulation,CC2:CC33,True,,32,29,0,True,ok,True,pass,True,pass,PASS,pass,
50193,test,Cell-Level Manipulation,RS.Food'!K6:K607,True,,602,475,0,True,ok,True,pass,True,pass,PASS,pass,
50324,test,Cell-Level Manipulation,Analyse'!D5:K12,True,,64,0,0,True,ok,True,pass,True,pass,PASS,pass,
50486,test,Cell-Level Manipulation,A2:A5,True,,4,0,4,True,ok,True,pass,True,pass,PASS,pass,
50526,test,Cell-Level Manipulation,B9:B10,True,,2,0,0,True,ok,True,pass,True,pass,PASS,pass,
50682,test,Cell-Level Manipulation,M2,True,,1,0,1,True,ok,True,pass,True,pass,PASS,pass,
50683,test,Cell-Level Manipulation,Q2:Q5,True,,4,0,0,True,ok,True,pass,True,pass,PASS,pass,
50768,test,Cell-Level Manipulation,F12:H14,True,,9,6,0,True,ok,True,pass,True,pass,PASS,pass,
50796,test,Cell-Level Manipulation,B2:B5,True,,4,0,4,True,ok,True,pass,True,pass,PASS,pass,
50811,test,Cell-Level Manipulation,D21:D23,True,,3,0,0,True,ok,True,pass,True,pass,PASS,pass,
50916,test,Cell-Level Manipulation,C12:H14,True,,18,0,18,True,ok,True,pass,True,pass,PASS,pass,
50952,test,Cell-Level Manipulation,G2:G5,True,,4,0,0,True,ok,True,pass,True,pass,PASS,pass,
50971,test,Cell-Level Manipulation,G3:G13,True,,11,0,0,True,ok,True,pass,True,pass,PASS,pass,
51-12,test,Sheet-Level Manipulation,Sheet1!B6,True,,1,0,0,True,ok,True,pass,True,pass,PASS,pass,
510-3,test,Sheet-Level Manipulation,'Data'!H2:H78,True,,77,0,0,True,ok,True,pass,True,pass,PASS,pass,
51090,test,Cell-Level Manipulation,Daily Numbers'!Q3:Q24,True,,22,0,0,True,ok,True,pass,True,pass,PASS,pass,
51249,test,Cell-Level Manipulation,"D1,D5,D9",True,,3,0,3,True,ok,True,pass,True,pass,PASS,pass,
51262,test,Cell-Level Manipulation,F6:H6,True,,3,0,0,True,ok,True,pass,True,pass,PASS,pass,
51431,test,Cell-Level Manipulation,B2,True,,1,0,1,True,ok,True,pass,True,pass,PASS,pass,
51556,test,Cell-Level Manipulation,Q2:Q6,True,,5,3,5,True,ok,True,pass,True,pass,PASS,pass,
516-46,test,Sheet-Level Manipulation,'ورقة1'!H2:L4,True,,15,0,0,True,ok,True,pass,True,pass,PASS,pass,
51680,test,Cell-Level Manipulation,G2:G14,True,,13,0,13,True,ok,True,pass,True,pass,PASS,pass,
52220,test,Cell-Level Manipulation,C2:C3,True,,2,1,2,True,ok,True,pass,True,pass,PASS,pass,
52233,test,Cell-Level Manipulation,B7:B10,True,,4,0,4,True,ok,True,pass,True,pass,PASS,pass,
52305,test,Cell-Level Manipulation,J6:N24,True,,95,0,0,True,ok,True,pass,True,pass,PASS,pass,
524-31,test,Sheet-Level Manipulation,'Exp-DB'!E1:E53,True,,53,7,7,True,ok,True,pass,True,pass,FAIL,value_mismatch,
52532,test,Cell-Level Manipulation,H2:H8,True,,7,0,0,True,ok,True,pass,True,pass,PASS,pass,
52575,test,Cell-Level Manipulation,F2:F92,True,,91,87,91,True,ok,True,pass,True,pass,PASS,pass,
52964,test,Cell-Level Manipulation,C2,True,,1,0,1,True,ok,True,pass,True,pass,PASS,pass,
53117,test,Cell-Level Manipulation,D2:D27,True,,26,0,26,True,ok,True,pass,True,pass,PASS,pass,
53167,test,Cell-Level Manipulation,E4:E16,True,,13,0,2,True,ok,True,pass,True,pass,PASS,pass,
53383,test,Cell-Level Manipulation,worksheet2'!C3:C6,True,,4,0,4,True,ok,True,pass,True,pass,PASS,pass,
53449,test,Cell-Level Manipulation,G2:G16,True,,15,13,15,True,ok,True,pass,True,pass,PASS,pass,
535-20,test,Sheet-Level Manipulation,'Sheet1'!A1:BIG5,True,,7965,5378,0,True,ok,True,pass,True,pass,PASS,pass,
53647,test,Cell-Level Manipulation,E7:E16,True,,10,8,10,True,ok,True,pass,True,pass,PASS,pass,
53994,test,Cell-Level Manipulation,C10:D12,True,,6,0,0,True,ok,True,pass,True,pass,PASS,pass,
54085,test,Cell-Level Manipulation,C2:C5,True,,4,1,0,True,ok,True,pass,True,pass,PASS,pass,
54196,test,Cell-Level Manipulation,'Sheet two'!E2:E279,True,,278,0,278,True,ok,True,pass,True,pass,PASS,pass,
54274,test,Cell-Level Manipulation,G4,True,,1,0,1,True,ok,True,pass,True,pass,PASS,pass,
54474,test,Cell-Level Manipulation,'WHP'!E7:G8,True,,6,0,6,True,ok,True,pass,True,pass,PASS,pass,
545-35,test,Sheet-Level Manipulation,'Data'!U3:AI20,True,,270,0,0,True,ok,True,pass,True,pass,PASS,pass,
54513,test,Cell-Level Manipulation,F8,True,,1,0,1,True,ok,True,pass,True,pass,PASS,pass,
54590,test,Cell-Level Manipulation,GK29,True,,1,0,1,True,ok,False,sheet_missing,False,pass,PASS,pass,
54638,test,Cell-Level Manipulation,'Sheet1'!B2:B150,True,,149,140,0,True,ok,True,pass,True,pass,PASS,pass,
54667,test,Cell-Level Manipulation,'Test'!G3:G58,True,,56,0,56,True,ok,True,pass,True,pass,PASS,pass,
54675,test,Cell-Level Manipulation,F3,True,,1,0,1,True,ok,True,pass,True,pass,PASS,pass,
547-18,test,Sheet-Level Manipulation,summary Limits'!A1:D7,True,,28,0,0,True,ok,True,pass,True,pass,PASS,pass,
547-43,test,Sheet-Level Manipulation,'Expected'!A2:H19,True,,144,0,0,True,ok,True,pass,True,pass,PASS,pass,
55049,test,Cell-Level Manipulation,'book1'!B3:B23,True,,21,0,0,True,ok,True,pass,True,pass,PASS,pass,
55085,test,Cell-Level Manipulation,Result'!G10:L10,True,,6,0,0,True,ok,True,pass,True,pass,PASS,pass,
55260,test,Cell-Level Manipulation,C1:C2,True,,2,0,2,True,ok,True,pass,True,pass,PASS,pass,
55427,test,Cell-Level Manipulation,Compiled and located schools da'!B2:B1461,True,,1460,0,1417,True,ok,True,pass,True,pass,PASS,pass,
55468,test,Cell-Level Manipulation,AE5,True,,1,0,0,True,ok,True,pass,True,pass,PASS,pass,
55708,test,Cell-Level Manipulation,B11:B13,True,,3,1,3,True,ok,True,pass,True,pass,PASS,pass,
55817,test,Cell-Level Manipulation,B2:H6,True,,35,0,0,True,ok,True,pass,True,pass,PASS,pass,
55965,test,Cell-Level Manipulation,'Foglio1'!G2:G18,True,,17,0,0,True,ok,True,pass,True,pass,PASS,pass,
55977,test,Cell-Level Manipulation,C2:C16,True,,15,0,15,True,ok,True,pass,True,pass,PASS,pass,
56274,test,Cell-Level Manipulation,D9:D12,True,,4,0,0,True,ok,True,pass,True,pass,PASS,pass,
56419,test,Cell-Level Manipulation,H2:H27,True,,26,16,0,True,ok,True,pass,True,pass,PASS,pass,
56427,test,Cell-Level Manipulation,H2:S28,True,,324,304,0,True,ok,True,pass,True,pass,PASS,pass,
56599,test,Cell-Level Manipulation,B2,True,,1,0,1,True,ok,True,pass,True,pass,PASS,pass,
567-21,test,Sheet-Level Manipulation,'Sheet1'!A3:G28,True,,182,142,0,True,ok,True,pass,True,pass,PASS,pass,
56915,test,Cell-Level Manipulation,'COVER'!B18:E23,True,,24,0,0,True,ok,True,pass,True,pass,PASS,pass,
56921,test,Cell-Level Manipulation,C15:C16,True,,2,0,0,True,ok,True,pass,True,pass,PASS,pass,
57033,test,Cell-Level Manipulation,'Sheet4'!K2:K7,True,,6,0,0,True,ok,True,pass,True,pass,PASS,pass,
57113,test,Cell-Level Manipulation,B2:C3,True,,4,1,4,True,ok,True,pass,True,pass,PASS,pass,
57117,test,Cell-Level Manipulation,F2:F5,True,,4,0,4,True,ok,True,pass,True,pass,PASS,pass,
57232,test,Cell-Level Manipulation,'Sea Freight Rates'!H2:H191,True,,190,0,0,True,ok,True,pass,True,pass,PASS,pass,
57262,test,Cell-Level Manipulation,T7:T15,True,,9,0,9,True,ok,True,pass,True,pass,PASS,pass,
57354,test,Cell-Level Manipulation,B3:E3,True,,4,0,4,True,ok,True,pass,True,pass,PASS,pass,
57445,test,Cell-Level Manipulation,'Pricing'!E2:E5,True,,4,0,2,True,ok,True,pass,True,pass,PASS,pass,
57558,test,Cell-Level Manipulation,'Deposits'!A2:A3,True,,2,0,0,True,ok,True,pass,True,pass,PASS,pass,
57612,test,Cell-Level Manipulation,D4:D15,True,,12,0,12,True,ok,True,pass,True,pass,PASS,pass,
577-40,test,Sheet-Level Manipulation,'Sheet2'!A1:K54,True,,594,95,0,True,ok,True,pass,True,pass,PASS,pass,
57743,test,Cell-Level Manipulation,B2:B19,True,,18,17,2,True,ok,True,pass,True,pass,PASS,pass,
57989,test,Cell-Level Manipulation,B25:H43,True,,133,0,0,True,ok,True,pass,True,pass,PASS,pass,
58032,test,Cell-Level Manipulation,A2:A35,True,,34,8,0,True,ok,True,pass,True,pass,PASS,pass,
58109,test,Cell-Level Manipulation,I6,True,,1,0,1,True,ok,True,pass,True,pass,PASS,pass,
58147,test,Cell-Level Manipulation,'Here'!J2:J6,True,,5,0,0,True,ok,True,pass,True,pass,PASS,pass,
5835,test,Cell-Level Manipulation,C3:C19,True,,17,0,17,True,ok,True,pass,True,pass,PASS,pass,
58484,test,Cell-Level Manipulation,H5:H26,True,,22,13,22,True,ok,True,pass,True,pass,PASS,pass,
585-41,test,Sheet-Level Manipulation,'Sheet1'!A1:H1,True,,8,0,0,True,ok,True,pass,True,pass,PASS,pass,
58701,test,Cell-Level Manipulation,'Entry Tab'!E2:E3,True,,2,0,2,True,ok,True,pass,True,pass,PASS,pass,
58723,test,Cell-Level Manipulation,M2:M41,True,,40,0,40,True,ok,True,pass,True,pass,PASS,pass,
58904,test,Cell-Level Manipulation,B11:B17,True,,7,0,0,True,ok,True,pass,True,pass,PASS,pass,
58942,test,Cell-Level Manipulation,B2:C11,True,,20,10,20,True,ok,True,pass,True,pass,PASS,pass,
58949,test,Cell-Level Manipulation,'Desired Result'!B2:I5,True,,32,20,0,True,ok,True,pass,True,pass,PASS,pass,
59129,test,Cell-Level Manipulation,E2:P2,True,,12,0,0,True,ok,True,pass,True,pass,PASS,pass,
59160,test,Cell-Level Manipulation,D3:G3,True,,4,0,4,True,ok,True,pass,True,pass,PASS,pass,
59358,test,Cell-Level Manipulation,L7:L9,True,,3,0,0,True,ok,True,pass,True,pass,PASS,pass,
59511,test,Cell-Level Manipulation,F2:F6,True,,5,0,5,True,ok,True,pass,True,pass,PASS,pass,
59595,test,Cell-Level Manipulation,C4:C19,True,,16,0,16,True,ok,True,pass,True,pass,PASS,pass,
59794,test,Cell-Level Manipulation,C3:M5,True,,33,0,33,True,ok,True,pass,True,pass,PASS,pass,
599-9,test,Sheet-Level Manipulation,'Before'!K2:K19,True,,18,1,0,True,ok,True,pass,True,pass,PASS,pass,
59902,test,Cell-Level Manipulation,C5:C28,True,,24,0,0,True,ok,True,pass,True,pass,FAIL,value_mismatch,
6239,test,Cell-Level Manipulation,G2:G19,True,,18,0,18,True,ok,True,pass,True,pass,PASS,pass,
66-24,test,Sheet-Level Manipulation,'Items Older than 30 days'!A1:I2,True,,18,5,0,True,ok,True,pass,True,pass,PASS,pass,
6698,test,Cell-Level Manipulation,G4:G8,True,,5,0,0,True,ok,True,pass,True,pass,PASS,pass,
79-7,test,Sheet-Level Manipulation,'Sheet1'!A1:A4,True,,4,0,0,True,ok,True,pass,True,pass,PASS,pass,
7902,test,Cell-Level Manipulation,'Formula Required'!D3:J6,True,,28,0,0,True,ok,True,pass,True,pass,PASS,pass,
80-42,test,Sheet-Level Manipulation,'Consolidate_ALL'!A2:L8000,True,,95988,2,0,True,ok,True,pass,True,pass,PASS,pass,
84-40,test,Sheet-Level Manipulation,'LIST'!C2:E5,True,,12,0,3,True,ok,True,pass,True,pass,PASS,pass,
8942,test,Cell-Level Manipulation,'Overview'!B5,True,,1,0,0,True,ok,True,pass,True,pass,PASS,pass,
91-34,test,Sheet-Level Manipulation,'SwiftMD'!B2:O42,True,,574,296,0,True,ok,True,pass,True,pass,PASS,pass,
9111,test,Cell-Level Manipulation,D2:D7,True,,6,1,6,True,ok,True,pass,True,pass,PASS,pass,
9391,test,Cell-Level Manipulation,'Front'!B2:C12,True,,22,0,0,True,ok,True,pass,True,pass,PASS,pass,
9569,test,Cell-Level Manipulation,AO9:AO1288,True,,1280,0,1280,True,ok,True,pass,True,pass,PASS,pass,
97-36,test,Sheet-Level Manipulation,'Sheet1'!A1:A22,True,,22,0,0,True,ok,True,pass,True,pass,PASS,pass,
9726,test,Cell-Level Manipulation,J2,True,,1,0,0,True,ok,True,pass,True,pass,PASS,pass,
12864,val,Cell-Level Manipulation,'Sheet2'!B2:B12,True,,11,0,11,True,ok,True,pass,True,pass,PASS,pass,
146-49,val,Sheet-Level Manipulation,'Sheet1'!G1:H65,True,,130,0,0,True,ok,True,pass,True,pass,PASS,pass,
165-23,val,Sheet-Level Manipulation,'Sheet1'!A2:N73,True,,1008,0,0,True,ok,True,pass,True,pass,PASS,pass,
194-19,val,Sheet-Level Manipulation,'Sheet1'!H1:I370,True,,740,191,0,True,ok,True,pass,True,pass,PASS,pass,
262-17,val,Sheet-Level Manipulation,Sheet1'!A1:F14,True,,84,0,0,True,ok,True,pass,True,pass,PASS,pass,
269-43,val,Sheet-Level Manipulation,Sheet1!A1:I7,True,,63,25,0,True,ok,True,pass,True,pass,PASS,pass,
304-35,val,Sheet-Level Manipulation,start!A3:F36,True,,204,99,0,True,ok,True,pass,True,pass,PASS,pass,
31011,val,Cell-Level Manipulation,R6,True,,1,0,0,True,ok,True,pass,True,pass,PASS,pass,
341-40,val,Sheet-Level Manipulation,Sheet1!A1:Q701,True,,11917,683,0,True,ok,True,pass,True,pass,FAIL,value_mismatch,
34210,val,Cell-Level Manipulation,C1:C55,True,,55,0,55,True,ok,True,pass,True,pass,PASS,pass,
35739,val,Cell-Level Manipulation,C2:C100,True,,99,47,99,True,ok,True,pass,True,pass,PASS,pass,
35742,val,Cell-Level Manipulation,O4:O7,True,,4,0,4,True,ok,False,sheet_missing,False,pass,PASS,pass,
370-43,val,Sheet-Level Manipulation,'Before Insert Row'!A1:A70,True,,70,21,1,True,ok,True,pass,True,pass,PASS,pass,
38074,val,Cell-Level Manipulation,K2:K5,True,,4,0,4,True,ok,True,pass,True,pass,PASS,pass,
39515,val,Cell-Level Manipulation,O2:O13,True,,12,0,2,True,ok,True,pass,True,pass,PASS,pass,
402-43,val,Sheet-Level Manipulation,'Sheet2'!A1:AG10,True,,330,216,0,True,ok,True,pass,True,pass,PASS,pass,
40959,val,Cell-Level Manipulation,C2:C7,True,,6,0,6,True,ok,True,pass,True,pass,PASS,pass,
44017,val,Cell-Level Manipulation,AD14:AO42,True,,348,0,348,True,ok,True,pass,True,pass,PASS,pass,
44266,val,Cell-Level Manipulation,Lookup'!B2:B12,True,,11,8,11,True,ok,True,pass,True,pass,PASS,pass,
44389,val,Cell-Level Manipulation,P2:P7,True,,6,0,0,True,ok,True,pass,True,pass,FAIL,value_mismatch,
45300,val,Cell-Level Manipulation,B1:B4,True,,4,0,4,True,ok,True,pass,True,pass,PASS,pass,
486-17,val,Sheet-Level Manipulation,'Blad1'!B2:B130,True,,129,0,0,True,ok,True,pass,True,pass,PASS,pass,
48745,val,Cell-Level Manipulation,D5:D10,True,,6,0,0,True,ok,True,pass,True,pass,PASS,pass,
48982,val,Cell-Level Manipulation,B323,True,,1,0,1,True,ok,True,pass,True,pass,PASS,pass,
49036,val,Cell-Level Manipulation,Dashboard'!B8,True,,1,0,1,True,ok,True,pass,True,pass,PASS,pass,
50250,val,Cell-Level Manipulation,H2,True,,1,0,0,True,ok,True,pass,True,pass,FAIL,value_mismatch,
51289,val,Cell-Level Manipulation,A4:H4,True,,8,4,8,True,ok,True,pass,True,pass,PASS,pass,
51586,val,Cell-Level Manipulation,C2:C6,True,,5,0,5,True,ok,True,pass,True,pass,PASS,pass,
534-26,val,Sheet-Level Manipulation,'Sheet1'!I1:AQ1,True,,35,35,0,True,ok,True,pass,True,pass,PASS,pass,
55421,val,Cell-Level Manipulation,F2:F20,True,,19,0,0,True,ok,True,pass,True,pass,PASS,pass,
55979,val,Cell-Level Manipulation,'Calc'!B7,True,,1,0,1,True,ok,True,pass,True,pass,PASS,pass,
56225,val,Cell-Level Manipulation,'data'!O3,True,,1,0,1,True,ok,True,pass,True,pass,PASS,pass,
56563,val,Cell-Level Manipulation,C14,True,,1,0,0,True,ok,True,pass,True,pass,PASS,pass,
56786,val,Cell-Level Manipulation,C4:C200,True,,197,0,197,True,ok,True,pass,True,pass,FAIL,value_mismatch,
56920,val,Cell-Level Manipulation,C3:C8,True,,6,0,6,True,ok,True,pass,True,pass,PASS,pass,
56953,val,Cell-Level Manipulation,'Sheet2'!I2:L9,True,,32,0,0,True,ok,True,pass,True,pass,PASS,pass,
57693,val,Cell-Level Manipulation,E7:E32,True,,26,0,26,True,ok,True,pass,True,pass,PASS,pass,
59224,val,Cell-Level Manipulation,E4:E14,True,,11,0,11,True,ok,True,pass,True,pass,PASS,pass,
61-4,val,Sheet-Level Manipulation,'output'!A2:G15,True,,98,0,0,True,ok,True,pass,True,pass,PASS,pass,
